Flex1,Flex2,Flex3,Flex4,Accelerometer_X,Accelerometer_Y,Accelerometer_Z,Gyroscope_X,Gyroscope_Y,Gyroscope_Z
141,305,297,285,-8624,-5480,11056,996,367,-435
141,305,297,285,-8644,-5212,10672,494,639,-852
0,305,296,286,-8860,-5500,10996,800,807,84
0,305,296,286,-9660,-4516,10704,2141,3451,735
0,305,296,286,-9516,72,12872,12438,19037,-6650
0,305,297,286,-13056,-9608,4112,10384,8320,103
0,305,296,287,-12600,-2340,3772,-17128,-3204,11523
0,305,296,286,-13548,12852,11052,1487,2180,1247
0,305,297,287,-13052,-3884,3096,12715,4654,-8494
0,305,297,287,-14784,-6648,1996,-9643,-1294,3291
0,305,296,288,-14104,6784,7692,-2406,-2557,10480
0,305,297,287,-13136,3228,3816,11187,5383,-9040
0,305,297,287,-15380,-6632,-80,-6229,1853,305
0,305,297,288,-14688,5716,6708,-7228,-4616,7767
0,305,297,287,-13060,3716,5516,9603,3420,-9839
0,305,297,288,-13848,-8900,1780,-1877,-1639,-962
0,306,296,287,-14156,5340,6604,-5332,-1547,7757
0,305,297,287,-13976,3684,4556,5606,864,-6656
0,305,296,288,-15220,-5720,680,860,408,-1075
0,305,297,288,-14912,1852,5184,-8202,-4385,7165
0,305,297,288,-13656,932,3680,6829,3778,-8581
0,305,296,288,-14076,-5144,-1744,-4348,1765,1651
0,305,297,288,-13972,1164,6484,-7459,-512,4736
0,305,297,288,-14196,3904,4988,5254,2214,-6031
0,305,296,288,-14644,-5960,1344,5435,-578,-4731
0,305,296,288,-13812,-4224,3680,-7255,-1035,7123
0,305,297,288,-14332,9624,7632,288,-1043,-843
0,305,297,288,-13320,-2024,3812,8746,2214,-7258
0,306,296,288,-15436,-6364,3056,-6581,-5445,1900
0,305,297,288,-14172,1120,7948,-4095,-3721,5268
0,305,296,288,-13524,2700,6920,4503,1332,-4657
0,305,296,288,-13556,-3972,3260,8122,3150,-5307
0,306,297,288,-13396,-3852,6156,-8528,-3446,5829
0,305,297,288,-13312,9344,8468,6138,1891,2932
0,305,296,288,-13724,-5392,6256,9015,2590,-5495
0,305,297,288,-13644,-5372,4072,-8938,-1993,3378
0,305,297,288,-14012,3912,7952,-2432,-751,4061
0,305,296,288,-13820,1116,6612,5483,848,-7742
0,305,296,288,-14184,-9244,860,-5563,-117,860
132,305,297,289,-13396,-2728,5744,-6348,-2549,5421
0,305,296,288,-14104,7428,8760,1417,1934,-286
0,306,296,288,-13600,-4596,4388,7083,2955,-7613
0,305,297,288,-13196,-5988,3108,-7680,-2929,4732
0,306,296,288,-13696,4664,9488,-738,-1813,4684
0,306,296,288,-12944,-364,7344,7191,4681,-8637
0,305,297,289,-13908,-9540,1388,-2377,-243,-711
0,305,296,288,-12352,208,7960,-3658,-3679,11588
0,305,297,288,-14216,3148,8944,6719,4490,-9275
0,305,297,288,-14624,-9744,-744,1654,-3315,-3295
0,305,296,288,-12580,-608,6132,-10181,-8635,7541
0,305,297,284,-14184,10060,10096,4275,4149,-6016
91,306,296,286,-13256,-10000,596,12068,5117,-5644
117,305,296,288,-12376,-8868,2600,-12426,-5945,7421
0,305,296,288,-14452,10888,11836,1394,434,812
0,305,296,288,-11880,-7688,4384,6098,7354,-10479
0,305,296,288,-12536,-9300,4252,-9353,-3987,5481
0,305,296,287,-12384,5320,11592,-126,-4018,8352
0,306,296,288,-12264,-860,8068,5191,5136,-9540
0,305,296,288,-13912,-9668,2060,2367,3268,-2941
0,305,296,288,-13668,-768,8824,-5158,-2083,10863
0,305,296,288,-14256,5824,2188,7562,8918,-8930
0,305,296,289,-13472,-1616,-996,3887,8229,-5113
0,306,297,288,-13224,-9564,1448,-15408,-894,1064
0,305,296,288,-14908,10160,7480,8451,11550,3647
0,305,296,288,-15720,-10876,-2108,7729,-4210,-5718
144,306,297,289,-14776,-8412,-2652,-12957,-3752,2359
0,305,296,289,-15276,2208,3084,-4645,-4054,8064
0,305,296,288,-15052,1652,2284,5860,3393,-7524
146,305,297,289,-14884,-9052,-1416,5331,1656,-2704
140,305,297,288,-13776,-8464,-3192,-9141,-3506,3301
0,305,297,288,-15180,1852,5672,-11138,-1417,5616
0,305,296,289,-12636,-2608,1652,8160,4775,-12644
0,305,296,289,-14668,-11160,-10836,9472,4783,2412
154,305,296,288,-14516,-5428,3944,-9335,-10164,1868
313,305,296,288,-16016,568,12932,4508,-2088,3873
181,306,297,289,-11924,-6632,5544,5184,10638,-11336
191,305,297,289,-13352,-16652,-1924,-6410,-2932,2612
0,305,296,289,-12696,4288,5092,2017,3846,27429
0,305,296,288,-13440,2512,104,10968,-1614,-14408
0,305,296,289,-14300,-7992,-3544,-4525,-771,-1237
0,305,296,289,-13920,-2328,1396,-9787,-7092,6626
0,305,296,289,-14228,11748,6488,5077,3794,-7666
0,305,296,289,-15032,-10684,-2860,9315,309,-3546
0,305,296,290,-14344,-8204,1660,-16624,-8450,4286
0,305,297,289,-14504,12024,7212,1529,544,1366
0,304,297,289,-13744,-10840,-852,5273,5542,-7907
0,305,296,289,-14132,-8056,-564,-7915,-4997,5133
0,305,296,289,-14568,9264,8164,3233,-2118,5802
0,305,297,288,-13800,-5148,3040,6652,5828,-10638
0,305,297,289,-14460,-10816,-2728,-3774,-1710,484
0,305,296,289,-14324,140,5512,-1798,-5099,7085
0,306,296,289,-14248,3992,6708,1764,2695,-7201
0,306,296,289,-13576,-11568,984,2793,3514,-6510
0,305,296,289,-13840,-7648,1388,-7386,-5122,5096
0,305,296,289,-13568,7544,10188,4042,-1581,5199
0,306,296,289,-13180,-5580,2608,5079,7557,-10389
0,305,297,289,-13712,-11628,-1756,-4432,-291,336
0,305,296,289,-13508,-1500,6352,-3798,-8583,14179
0,305,296,290,-12928,3256,7208,3568,4534,-10327
0,306,297,289,-13644,-9808,-448,6854,7273,-6417
0,306,297,290,-13228,-9808,1944,-10097,-5321,4528
0,306,297,290,-13708,6988,9352,-1679,-2683,8050
0,306,296,289,-12992,-1300,6756,4198,5981,-11456
0,305,296,290,-13192,-6976,-1188,4209,942,-3415
134,305,296,289,-14132,-10324,3464,-4991,-4703,7506
0,305,297,289,-13592,6756,8588,-1393,-3276,6605
0,305,296,289,-13380,-764,5264,4324,6083,-9985
0,305,297,289,-13724,-9548,-544,4079,2564,-4082
89,305,296,290,-13084,-7396,1764,-8469,-7050,6675
0,306,297,290,-13824,9128,9492,216,-1512,5168
0,306,296,289,-13276,-2956,5308,6289,7127,-11901
96,305,296,290,-13272,-11296,-588,589,-501,-466
98,305,297,289,-13140,-3576,5732,-4719,-7929,11638
0,306,297,290,-14384,6756,8624,291,-580,4359
107,306,297,290,-13328,-3128,5848,3554,5126,-14533
113,306,296,289,-12904,-11532,448,-1477,1388,-536
140,305,296,289,-12384,-7008,4316,-5303,-9048,11426
0,305,297,290,-13708,10920,10192,4086,19,1682
109,305,296,289,-12384,-4496,6288,3855,6074,-12250
96,306,296,290,-12416,-11180,168,4945,1550,-2030
102,305,296,289,-12348,-9020,3256,-8291,-7763,8484
0,306,296,289,-13120,6676,10768,1883,-1909,6384
0,305,296,289,-12704,-3588,6640,4800,5148,-11161
0,306,297,289,-13360,-11812,328,4132,1701,-2219
113,305,296,289,-12900,-7844,764,-7746,-6313,6634
0,306,296,290,-13284,7216,11360,1464,-5566,14524
0,306,297,290,-12232,-1356,6300,6777,7352,-14011
0,306,296,290,-13960,-10024,-764,6749,3141,-2685
0,305,297,290,-12980,-8028,2320,-10538,-6378,5835
0,306,296,289,-12316,5108,10420,945,-2912,11087
0,305,298,290,-12940,2604,9152,5165,6710,-12799
0,305,297,290,-13636,-9808,-256,9874,1440,-1212
0,306,297,289,-13160,-9696,480,-16267,-7954,6444
0,306,297,290,-12744,12508,11556,1608,-2935,8556
0,305,297,290,-12632,-628,7368,8812,3976,-9295
0,305,297,290,-13656,-7008,1660,7297,-2617,-3513
0,306,297,290,-12800,-8000,2300,-13337,-4515,5558
0,305,297,290,-11628,5400,12496,-194,-8381,10784
0,305,296,290,-10412,516,9708,2428,7064,-14262
0,306,296,290,-12812,-12308,2336,6181,8040,-3607
0,306,297,290,-12132,-9280,2480,-10895,-7508,6654
0,306,296,290,-13112,7540,12276,1219,-2533,6601
0,306,297,290,-10528,-5320,4416,6484,15401,-19462
0,305,297,290,-13248,-14172,-1580,-2437,-5795,-770
98,306,297,290,-11472,-5276,6528,-5108,-6658,12920
0,305,296,290,-11540,8404,10888,-87,-1364,-4489
0,306,297,290,-11392,-7812,3864,11550,7759,-11228
0,305,297,290,-13272,-11068,1388,-8613,1108,3875
0,305,297,290,-13080,-600,6448,-5460,-6010,10926
0,305,297,290,-12004,5892,11176,2484,4919,-9557
0,305,297,290,-13316,-11404,-900,10741,8213,-6569
0,305,297,290,-12492,-10236,936,-11843,-6982,2069
0,306,296,290,-12720,0,8292,187,-9057,16028
0,305,296,290,-13416,2208,8256,2743,5937,-5678
110,306,297,290,-13080,-7864,1284,12691,4325,-14660
66,305,297,290,-12840,-13704,1056,-11330,-3564,1851
101,305,297,290,-12164,-4096,9580,-3033,-5207,13769
0,306,296,290,-12268,5140,8960,675,5022,-5960
0,306,297,291,-12780,-5132,4052,8257,3291,-11293
0,305,297,290,-13820,-10492,-568,-3498,4150,-2210
106,305,297,290,-13012,-5888,6160,-8562,-7516,11389
0,306,296,290,-12768,9500,9512,-241,6093,-4477
0,306,297,290,-12628,-6840,2548,13272,7857,-12331
0,305,297,291,-14860,-12480,-2396,-8239,178,-437
99,306,297,290,-14020,-1804,7424,-5535,-16828,14291
0,306,296,291,-12556,284,11380,11379,7501,-8490
0,305,297,290,-14296,-9516,340,7649,4957,-5544
0,306,296,290,-13332,-9288,2308,-15520,-5781,1388
69,305,296,290,-13624,612,9456,2560,-483,8733
0,306,297,290,-13896,20,6640,2107,5634,-7961
0,306,297,290,-12244,-11796,-80,13832,6746,-10337
99,306,297,290,-11788,-11784,-116,-14099,-8657,2776
0,306,297,290,-12908,6656,11672,1496,-6331,13977
0,306,297,290,-12072,-4064,8104,7691,7119,-9876
0,305,297,290,-12620,-11644,-2172,9094,4680,-5530
189,306,297,289,-12004,-10728,2776,-11400,-10712,4586
0,306,297,289,-11544,6428,14112,-352,-8407,7791
0,306,296,290,-11864,-6632,5452,10108,9231,-10524
0,305,297,290,-13652,-11304,-952,1463,4543,-2587
103,305,296,290,-11224,-9744,3748,-16104,-12497,3503
0,306,297,289,-11472,4484,14872,1230,-1272,64
0,305,296,290,-11412,-7604,4800,14178,13039,-9433
0,306,297,289,-14172,-12136,-2320,-3662,1046,-269
93,305,296,289,-11728,-5108,7332,-9695,-15829,11723
0,306,296,290,-9724,752,14840,2079,2097,-4489
0,305,296,290,-11652,-8712,4064,13518,9543,-11346
0,306,296,290,-13068,-11840,2308,-10713,-1321,1764
106,306,297,290,-11136,-2800,9392,-6524,-9659,13921
0,306,297,289,-11232,2108,10748,7219,5823,-7666
0,305,297,291,-12892,-10536,2600,18079,4414,-7134
0,305,297,290,-13172,-9584,1552,-12271,-2342,825
96,306,296,290,-12812,-5768,7908,-8670,-11545,12332
0,306,296,290,-12408,3964,11728,4597,5739,-6251
73,305,297,290,-11072,-10852,3188,13274,17200,-9264
100,306,296,290,-13212,-9080,-5332,-7431,-8281,-1836
97,306,296,290,-14240,-5584,3488,-10545,-14106,9771
0,305,296,290,-13208,8324,13376,3528,2236,-2395
55,305,297,290,-11568,-15100,-524,16421,9553,-12563
76,305,297,290,-12588,-12640,-2116,-16508,-6464,352
0,305,297,290,-13096,2384,7816,-7806,-15323,13937
0,305,297,289,-12756,-5676,9636,5421,7840,-9468
0,305,297,290,-12724,-9828,-1372,14286,14363,-3459
56,305,296,291,-12224,-11024,-316,-9380,-7996,-442
179,305,297,290,-13488,-6748,5348,-6321,-11049,13053
0,305,297,290,-12716,8012,10948,3893,3766,-7556
0,305,297,290,-10884,-11736,2648,11297,10267,-11859
55,305,296,291,-11656,-13580,-112,-12668,-4498,268
110,306,297,291,-13032,-4892,8676,-4271,-7052,11735
92,306,297,290,-12972,1812,9920,3131,3749,-4309
0,306,297,291,-13204,-6396,1120,11605,14043,-7158
0,305,297,291,-13568,-11004,-3272,-3857,-9927,-3902
114,305,297,291,-11448,-8556,12108,-3627,-8098,11987
0,305,296,290,-10524,3996,13096,508,12730,-5242
101,305,297,291,-13120,-11732,-3092,17912,22252,-7369
74,305,297,291,-14892,-13068,-3036,-14252,-6699,1137
258,306,297,291,-13816,-2696,4512,-7810,-9789,9964
0,305,297,291,-14844,7116,9412,-1828,2382,-6732
114,306,296,290,-11064,-11676,-340,9022,11379,-12008
130,306,296,291,-12396,-12904,-284,-10562,-8004,3335
194,305,296,290,-12444,-2128,7180,-4816,-9400,14145
0,305,297,290,-13476,7840,8628,945,6502,-11690
96,305,296,291,-11780,-11288,1868,9629,6959,-15281
0,305,296,291,-12680,-13908,-2784,-11817,-3791,2577
218,306,297,291,-12404,-6752,5084,-5151,-11406,13024
0,306,297,290,-13440,8956,12760,-2547,8076,-6926
52,306,296,291,-8592,-10100,4888,1081,16497,-22891
0,305,297,291,-11712,-16204,-3608,-2839,-4443,-282
313,305,297,291,-11384,-8736,3816,-5401,-10912,12922
111,306,296,290,-14964,4136,9248,-881,-1732,5517
82,306,297,291,-11860,-4292,2100,6368,7967,-16846
312,305,296,291,-11272,-16604,-8,-1329,5789,-4156
314,305,296,292,-11604,-10000,-588,-8050,-8357,7584
172,306,296,291,-14256,1436,12548,110,-9441,12985
0,305,296,291,-11744,-3964,4772,5003,7355,-13631
86,305,297,291,-12076,-12524,-372,5849,4303,-4430
113,306,297,291,-11516,-11776,-1132,-6764,-8505,6546
188,305,296,291,-13760,176,10560,1454,-10077,17323
83,306,297,291,-13132,-204,5180,3164,13889,-14849
0,306,297,291,-12232,-13552,-6364,12204,7108,6785
168,306,297,291,-13484,-9836,1220,-12418,-7811,13042
0,305,296,291,-14072,5696,11468,1481,-5721,10215
0,305,296,291,-13192,-124,5180,8424,9792,-17714
155,306,296,290,-11936,-13136,-2308,4105,-3068,-1770
123,307,296,287,-11756,-8056,1636,-8570,-11626,6437
0,305,296,289,-13536,2848,10976,1240,-7459,10807
0,306,297,289,-12472,1260,8892,9564,5522,-12433
176,305,296,290,-12460,-11104,-704,5805,-930,-1252
81,306,297,290,-11872,-9312,1040,-8714,-5710,6453
0,305,297,290,-12544,5240,11004,3887,-9959,13535
0,306,296,290,-12760,2336,9340,2048,2662,-8932
0,306,296,290,-10620,-9168,4976,3402,6863,-13701
0,305,297,291,-11928,-12356,2148,-6195,-727,2520
98,305,296,290,-10784,-4456,6252,-6479,-9354,13929
0,306,297,290,-13676,12908,11440,1614,-4,-2012
174,306,297,291,-11016,-7944,6164,5269,7096,-15394
0,306,296,290,-13276,-14192,2500,1712,803,-1719
121,306,296,291,-11796,-9236,2428,-9103,-4892,8958
206,306,296,291,-12788,3320,11384,3095,-9032,16708
0,306,297,291,-11368,432,8852,5189,8335,-13957
220,306,297,291,-12108,-13412,196,6269,5601,-7670
242,306,297,291,-12080,-13352,424,-12547,-4294,4522
210,306,296,291,-11716,1236,11572,1997,-12434,22914
0,306,296,291,-12236,1676,8056,4872,5769,-14941
313,307,297,291,-9092,-17208,-652,8209,13930,-10453
314,305,296,291,-10656,-14752,672,-6894,-4616,7016
211,306,296,290,-12828,-12,6104,-1425,-10188,15183
204,306,297,291,-13024,2996,8424,-1434,4028,-12851
122,306,296,291,-11916,-7692,3488,5888,7087,-12798
314,306,296,291,-11376,-14032,840,2250,1867,-11
314,306,297,291,-12036,-7248,1484,-9850,-5942,12965
199,306,296,291,-14448,3940,10856,2676,-1690,5452
191,306,296,290,-12432,-4656,4932,4905,5648,-12183
154,305,296,291,-12660,-11324,592,4525,1316,-2855
145,305,296,291,-11812,-10044,2496,-5525,-5284,4564
181,306,296,292,-12672,-1668,8148,735,-9047,7878
310,306,297,291,-12360,1404,11820,1729,1874,-3503
215,306,296,291,-10988,-7656,5364,4840,7133,-9978
210,305,297,291,-11920,-12500,1968,-803,1273,-420
195,306,296,291,-11044,-3400,2980,-5212,926,8070
314,305,296,291,-12992,6560,12620,4719,325,7692
303,306,296,291,-12348,-736,9584,5552,5220,-9849
314,306,296,291,-12576,-11312,2512,8841,346,-3275
194,306,297,291,-11740,-8984,3192,-11063,-4608,4110
155,306,297,290,-11536,-496,9928,-283,-8272,9486
158,306,296,289,-12000,5216,11484,551,2414,-5651
218,306,295,289,-10656,-8120,7308,4269,7274,-9334
210,306,296,288,-11020,-10400,4736,-31,-880,17
207,306,295,285,-10196,-6424,7368,-4449,-6744,7650
148,306,294,282,-11160,1432,11160,2762,-6149,6772
143,306,295,281,-10144,-892,12956,-432,6931,-8242
199,305,295,282,-9348,-7032,7088,4440,7390,-10062
211,306,295,284,-10524,-12432,3724,-4876,-1216,1831
203,306,295,285,-10224,-7024,8044,-5961,-6219,11844
145,305,296,286,-12360,6588,14364,665,7294,6901
214,306,296,287,-12296,-2124,5092,5780,2092,-12347
92,306,296,288,-12736,-12208,-284,7836,3332,-144
220,306,296,289,-13456,-7456,-3204,-14616,-3654,6634
0,306,296,288,-14968,10820,6896,-472,-2585,9586
205,306,296,288,-13272,940,3896,12122,3536,-12484
203,305,296,289,-13520,-12936,-3400,-1659,381,-2807
221,306,296,289,-12432,-5800,4296,-10715,-9300,9303
208,305,296,289,-15768,11732,7836,1909,1857,1845
230,306,296,289,-13084,-4628,3408,8114,6335,-13801
234,306,296,290,-14024,-10832,-2528,-3693,-577,-161
234,305,296,290,-15060,-1404,4156,-3219,-4733,9347
204,306,296,290,-15484,1656,3452,6657,4242,-7120
217,305,296,290,-13864,-10576,-1172,7079,2501,-2779
221,306,296,290,-13360,-8728,-312,-8674,-7292,7698
223,306,296,289,-16208,9404,7028,972,4239,-8088
231,306,296,290,-12068,-13948,-3060,-265,8241,-10692
245,306,296,290,-13600,-7728,1464,-1237,-5591,17851
214,306,297,289,-14528,7372,2404,1911,10179,-13179
313,306,296,290,-10728,-11604,-10300,-485,5501,-4331
226,306,297,290,-13068,-7056,-4728,-8260,-9856,8753
0,306,296,290,-15160,12964,2648,3609,5560,-7130
314,306,296,290,-7352,-18684,-17288,-3012,20863,-10537
204,306,296,290,-16440,6468,9836,1626,-11321,15238
234,306,296,290,-12936,-4460,-4472,6518,7813,-9069
313,306,296,290,-7316,-9020,-5828,-11443,-12381,-1939
0,306,296,290,-17180,4424,6304,-1995,9254,-15838
110,306,296,290,-10364,-11012,-8716,-2930,3589,-6346
315,306,296,290,-13716,-3324,1268,-4231,-15024,11208
212,306,296,290,-15496,7416,5052,5272,6952,-13467
236,306,297,290,-10884,-14636,-8048,527,6949,-6463
245,306,296,290,-14572,-3656,3700,-5846,-13369,11627
231,306,296,290,-13688,964,1800,277,10342,-12349
241,306,296,290,-12752,-11236,-6536,-10890,-2706,-6058
0,306,296,291,-16148,7572,7852,10076,-3510,13240
0,306,297,290,-13920,-5904,624,10664,2507,-2036
0,306,296,291,-14196,-3748,-84,-3451,-4444,4341
0,306,296,290,-14620,9296,9616,800,-1053,6467
0,306,297,291,-12232,-7344,476,7206,10577,-13179
244,306,296,291,-15728,-6756,2140,-8556,-10933,9371
0,306,296,290,-14608,5892,5080,1391,5393,-8077
202,306,296,290,-11892,-11644,-2104,4410,2586,-8749
314,306,297,291,-14036,-9672,1288,-14113,-9930,6731
219,306,296,290,-14732,11936,11824,6591,2981,1485
234,306,296,290,-11928,-9656,836,7177,10214,-10757
218,305,296,291,-12388,-10704,-1156,-8789,-6788,5382
0,305,296,290,-15616,8852,10296,3151,-1329,12262
210,306,296,290,-12660,-5380,1740,8916,8772,-13131
238,305,296,291,-12668,-12116,-5148,-5294,-5445,209
236,306,296,291,-16188,-1444,7496,-5552,-5999,9404
198,306,296,290,-14348,-2136,3576,7423,6445,-8170
108,305,296,291,-10712,-14752,-3592,352,4037,-7591
228,306,296,291,-13688,-8160,4204,-7065,-12086,10324
0,306,297,290,-13760,6880,6900,-659,6765,-9188
110,305,297,291,-11708,-12028,-3012,3858,5437,-10984
308,306,296,292,-12972,-7940,2324,-7675,-11211,6284
0,306,297,290,-14564,9280,9312,4879,2745,119
222,306,296,290,-12648,-13188,832,7644,10478,-8699
236,306,297,291,-11904,-11384,-656,-7725,-6926,2962
237,306,297,291,-15260,1168,8436,-3473,-4292,6365
66,306,296,291,-12456,-1872,6512,5484,9106,-12411
259,306,296,291,-10424,-16136,-6476,2554,2437,-6782
314,306,296,291,-13188,-9912,2916,-10059,-15241,12575
206,306,297,291,-13008,5588,8928,-1874,6074,-8787
247,306,296,291,-11928,-13296,420,6771,10481,-11098
314,306,296,290,-11440,-11268,464,-9483,-9355,5040
237,306,296,291,-14424,1188,8748,-2318,-3894,10255
116,306,297,291,-11712,-2916,4124,9184,10164,-14017
313,305,296,291,-11812,-12432,-6932,-6053,-649,4725
246,306,297,291,-13320,-1376,9012,-1045,-9900,13209
310,306,296,286,-12776,2600,7276,2367,3275,-15653
219,306,295,286,-12288,-11920,960,5586,3131,-4818
222,306,296,286,-12832,-7608,4016,-8562,-6545,8612
211,306,296,288,-14928,5824,10088,1043,-1183,1884
228,305,296,288,-11564,-6004,5468,6165,7374,-13285
223,306,296,289,-11924,-15088,-2504,-3655,-1727,-628
230,306,296,289,-12228,-6412,7516,-4920,-12792,11802
207,306,296,290,-13792,6552,8932,2150,3821,-6418
229,306,296,291,-11524,-9092,3888,6015,6717,-11691
220,306,296,290,-11044,-11964,1396,-8130,-7290,6371
0,306,297,291,-12876,504,12516,1560,-6421,11817
0,306,296,291,-11832,-3608,6220,7051,7930,-12193
117,306,296,291,-11992,-13552,-1988,-534,1772,-1363
127,306,296,291,-10936,-7632,6948,-6823,-13202,9579
0,306,296,291,-12400,4100,12180,4977,4533,-4514
98,306,297,291,-10516,-10804,5232,3427,9918,-10188
203,305,297,291,-11352,-11848,864,-6692,-6853,4366
233,306,297,291,-11744,-1676,11000,1435,-5504,8932
218,306,296,291,-9972,-3020,11924,1270,3724,-12059
94,306,296,292,-10140,-13252,2396,4591,4426,-5592
305,306,296,291,-9872,-9444,4884,-8163,-8250,8360
0,306,297,291,-11872,3072,12932,1907,407,1161
71,306,297,291,-10540,-8828,7084,5013,8020,-9080
111,306,297,292,-11796,-12420,-716,-4470,-1723,725
226,305,296,292,-11708,-2516,12316,726,-6440,7571
0,306,297,291,-10772,-5720,7984,4984,7873,-8422
105,306,296,291,-12004,-11756,1412,1134,3879,-282
194,306,297,291,-11656,-6972,8864,-4718,-10012,7157
0,306,296,292,-11432,2904,12144,1069,1671,-4467
190,306,297,292,-10516,-9808,5352,6188,7213,-7772
78,306,296,291,-11040,-10704,2676,-6833,-4715,2909
225,306,297,292,-10752,-5616,12080,-4074,-7691,10351
0,306,296,291,-12324,5032,9404,3320,5304,-6008
225,306,297,291,-12332,-13036,4484,7865,10269,-5130
0,306,297,292,-12384,-6752,1196,-7397,-5263,2355
0,306,296,292,-12564,-2120,7856,-10936,-7479,8960
0,306,297,291,-11580,2576,10268,1613,8095,-10018
218,306,297,291,-12464,-11392,1252,4204,6297,-8074
227,306,296,292,-11928,-8996,3528,-7745,-8965,7521
0,306,296,291,-11864,8268,13428,3124,-1578,6554
0,306,296,291,-11460,-2620,8788,5458,6700,-11811
92,306,297,292,-12356,-12492,412,5449,3301,-5296
217,306,297,292,-10740,-8776,5792,-9547,-11194,9993
0,305,296,292,-11720,7976,14064,6076,261,1788
0,306,296,292,-10860,-5800,6808,4738,7181,-11706
99,306,297,292,-12160,-13072,836,-997,-443,-510
240,306,296,292,-11648,-5508,7168,-4460,-9806,10717
0,307,297,292,-12000,6076,12836,3869,5345,-7822
194,306,297,291,-10492,-10728,4680,4866,7448,-10316
106,306,296,292,-11004,-12088,1472,-8072,-5151,4402
224,306,297,292,-12112,-916,11608,-694,-5727,9911
214,306,297,292,-11776,-1132,9708,1760,5347,-10222
98,306,297,292,-10820,-13512,2024,5996,8124,-6018
216,307,296,292,-10460,-9112,3980,-7053,-8827,7251
208,306,297,292,-12948,5176,13064,-275,148,392
201,307,297,292,-11528,-7640,5992,6220,8703,-9922
314,306,296,291,-12620,-11140,-3728,-4683,-1564,743
314,306,296,291,-11936,-5712,7952,-2966,-10224,8856
313,307,297,292,-12184,-124,13168,3360,-310,-1592
250,306,297,292,-10564,-11440,2776,3866,8120,-8814
314,307,296,292,-10944,-11248,2500,-7198,-2363,5943
226,306,297,291,-10848,-2184,10492,-55,-7486,11064
214,306,297,291,-12256,16,10336,575,3559,-8879
313,306,296,292,-10848,-11092,4376,5971,7931,-9993
314,306,297,292,-11156,-12416,776,-7339,-3695,3792
238,306,296,292,-12596,-4076,9832,-1765,-8508,9925
193,306,297,292,-12472,-48,9136,2906,4469,-6661
207,306,296,292,-10876,-13316,2024,5796,4112,-7958
182,306,297,291,-11360,-10528,3040,-8403,-6751,4205
158,306,297,292,-11948,-3828,8196,-1457,-4143,5179
0,306,297,291,-11408,-552,9820,1021,5010,-8739
76,306,296,293,-11728,-11872,1968,6436,5422,-4293
204,306,297,292,-12024,-9220,4556,-8300,-7829,5079
0,307,296,292,-12132,552,13948,3914,-2061,5432
0,306,297,292,-11388,-5816,6116,6228,5419,-9377
68,306,297,292,-12100,-14320,388,-5392,-2103,548
228,306,297,292,-9908,-3856,10108,-3572,-9444,9920
0,306,296,292,-11420,2864,12504,-522,4609,-7763
225,306,296,292,-10488,-9560,5092,6936,8521,-9071
0,306,297,292,-11240,-12300,-244,-5693,-6028,3438
227,307,297,292,-11144,-5680,9736,-3856,-9652,8837
0,306,296,293,-11972,-548,11812,-427,1119,-973
0,306,297,292,-11424,-8040,7456,2617,4582,-6336
101,306,297,293,-12040,-7492,5264,937,342,-412
90,306,297,293,-11896,-6692,6840,327,140,255
207,306,297,292,-12176,-6412,6328,16,-482,-612
0,306,296,293,-12636,-5308,6764,1898,683,-960
84,307,297,292,-11964,-9020,5560,-560,-1177,-5882
69,306,297,292,-10968,-9612,4520,-6423,-3918,3029
59,306,296,292,-11888,-3160,10944,-272,-4001,6363
0,306,296,292,-11372,-1600,9880,4582,5680,-7171
0,306,297,292,-11068,-11856,4608,5399,3360,-4369
0,306,296,293,-11080,-10692,3456,-8087,-4845,3417
46,306,296,292,-10980,-3500,10896,-1096,-6989,11317
0,306,297,293,-11812,1800,11300,1622,6619,-7527
229,306,297,292,-9500,-11116,4432,6952,8496,-13687
225,306,297,292,-10276,-14124,444,-9964,-3087,3212
225,306,297,292,-12212,-1304,10488,4509,-5726,6096
0,306,296,292,-11024,-1808,11600,1176,7811,-9200
60,306,297,292,-10448,-15120,1012,6858,4449,-3497
311,306,297,292,-10140,-11860,3744,-11794,-9681,7053
59,306,297,292,-13296,1900,13080,186,-917,12803
26,306,296,292,-12696,-32,5208,10696,8818,-10243
256,306,297,292,-11856,-15440,-3560,3906,7936,-1877
235,306,297,292,-12100,-9108,3028,-9307,-10381,8987
0,306,296,292,-14352,10152,11876,4495,1896,1194
50,306,297,292,-11164,-11216,2956,9593,8151,-14812
190,306,296,292,-11400,-12744,-1888,-11421,-6619,3051
36,306,296,292,-13376,780,11772,-860,-6730,13892
45,306,296,292,-12144,1352,7888,3105,6471,-14022
223,306,296,292,-12060,-14696,-1024,8862,6214,-3600
219,306,297,292,-11584,-9500,2748,-11011,-10589,7018
0,306,297,292,-14180,2796,11796,2023,-2939,8836
32,306,297,291,-12376,1340,8148,6556,5381,-11553
228,306,296,292,-12020,-13104,-680,7617,5903,-5839
235,306,297,292,-11476,-9692,1788,-10823,-10368,8241
190,306,297,292,-13568,5436,12496,4667,-2649,7342
93,306,296,292,-12256,-3044,6756,6282,7089,-12685
230,306,296,292,-12364,-12500,676,6109,3418,-2224
237,306,297,292,-11256,-10928,1752,-11089,-7979,4361
242,305,297,293,-13580,1276,11344,1758,-5091,9386
222,307,297,292,-12532,-420,9812,6986,7127,-9608
243,306,297,293,-10624,-14540,-2196,11156,7248,-6125
98,306,297,292,-10360,-11864,796,-12446,-9686,6187
230,306,297,292,-13572,2148,12676,746,-4913,10510
183,306,297,292,-10980,-3216,7892,6007,9172,-15782
244,307,297,293,-10796,-18112,-5296,8490,5652,-1299
314,306,297,292,-11000,-10248,4932,-8765,-14821,9605
233,306,297,292,-14484,3848,12116,3439,-1329,2073
220,307,297,292,-11856,-7868,7140,6265,6903,-7522
234,306,297,292,-11868,-11556,-5004,-5315,1860,-1179
243,306,296,292,-12156,-9912,4756,-3493,-12695,9808
139,306,297,292,-13456,5220,10760,91,1928,-4255
194,306,296,292,-9832,-10180,3688,3633,12313,-15037
181,307,297,292,-10548,-13084,-3108,-11037,-5701,3384
216,306,297,292,-12776,-4216,10608,-1080,-9585,11086
204,307,297,292,-13088,-304,9044,3759,5795,-8322
299,306,297,293,-10852,-13300,-612,6711,9959,-8773
241,307,297,292,-10272,-12664,-1040,-13408,-9369,5026
242,305,297,292,-13476,108,13240,1215,-6948,11923
168,306,296,292,-11952,-1648,8520,5216,6212,-10701
217,306,297,292,-10452,-17624,-1720,8147,10230,-6480
235,306,297,292,-10756,-12588,952,-12847,-13144,5187
241,306,297,292,-12924,2224,12012,2159,-2954,8419
232,306,297,292,-11140,-3028,9148,5607,7996,-13702
257,306,297,292,-10248,-18036,-2444,-252,5706,-3222
315,306,296,292,-10776,-10332,6188,-8771,-9855,13883
242,306,297,292,-13716,6736,11424,5941,-424,1248
201,306,297,292,-11496,-4984,5488,9450,9765,-14253
314,306,296,292,-11856,-17072,-4992,-921,-18,-940
208,306,297,292,-11288,-5432,10908,-2255,-13352,13018
202,306,297,292,-13024,5880,11356,2549,4960,-5017
172,306,297,292,-9992,-12412,2688,6271,10946,-13627
217,306,297,292,-10556,-14036,-2016,-12905,-8143,4221
222,306,297,292,-12124,-3468,10256,-1810,-6784,10990
206,306,297,292,-12980,2824,8576,2472,5592,-6816
293,306,297,293,-10580,-11816,1916,6096,10277,-12595
211,306,297,292,-10704,-14048,-2696,-11165,-5977,3724
222,306,296,292,-13000,-2152,6976,-1213,-2262,9406
227,306,297,292,-14284,4748,8436,2687,4246,-7609
314,306,297,292,-10392,-15048,-860,7182,9793,-9772
311,306,297,292,-10632,-13216,-1792,-10674,-9846,5052
243,306,296,292,-13728,72,9184,-2082,-2997,8279
166,306,297,292,-11216,1740,6592,4990,7288,-10455
314,306,296,292,-11452,-17672,188,3149,8182,-6261
315,306,296,292,-10780,-11968,872,-9221,-10281,7070
241,307,296,293,-13124,-280,10492,866,-5880,9298
28,306,297,292,-11608,-1172,8280,3006,7602,-13402
314,306,296,293,-11204,-14400,-648,3066,6983,-5540
314,306,297,293,-11028,-11748,2048,-8522,-10210,7124
205,306,296,292,-13820,308,9184,-267,-3706,9547
206,306,297,292,-12064,-1316,9024,5073,5600,-10119
249,306,296,293,-11348,-15972,-1904,6160,5523,-4419
314,306,297,293,-11932,-11632,776,-10416,-9312,5916
213,306,297,293,-12648,184,8800,400,-9010,13151
188,306,296,292,-11512,1608,9864,3550,7354,-14843
315,306,297,293,-10592,-17736,40,2707,9185,-10476
315,306,297,293,-11000,-11896,-748,-7577,-10592,8601
0,306,297,292,-12504,1164,11096,-294,-3897,12117
0,306,296,292,-11600,216,8708,3611,5162,-14506
107,306,296,292,-11592,-13740,-1068,5291,7667,-8748
256,307,297,292,-11316,-12844,-2016,-11534,-7601,2945
181,306,297,292,-11664,-1304,10204,-1800,-14195,16906
0,306,297,292,-9912,-2328,11584,-1891,9983,-18796
287,306,296,293,-8908,-14672,772,7576,4498,-9372
314,306,297,293,-9380,-14644,-260,-6435,-5719,8127
197,306,296,293,-11120,-2452,10044,2543,-10805,16249
214,306,297,292,-10944,-1144,11136,1295,4482,-12446
314,307,296,293,-7820,-15896,4636,1467,8423,-17558
312,306,296,293,-8192,-16608,-3200,-12045,-5144,7301
314,305,297,293,-9776,-5084,11952,808,-9120,17248
183,307,297,293,-11616,664,9548,-164,4326,-10518
314,306,296,293,-9200,-12304,5580,6377,11571,-13935
314,306,296,293,-8564,-16976,-172,-8320,-5783,3186
314,306,297,293,-8980,-6180,8636,-1578,-9325,17216
0,306,296,292,-11084,7324,12648,-1443,1500,-4175
98,306,297,292,-9632,-9164,7248,1391,7543,-16734
314,306,297,293,-9116,-19740,-4236,-5542,296,164
314,306,297,292,-9224,-9696,9000,-1962,-11193,14750
234,306,297,293,-10400,5872,11452,2134,2618,-1743
230,306,297,292,-8652,-7156,8064,-1171,10196,-19021
315,306,296,292,-8628,-19764,-2544,-2255,2250,1129
314,307,297,292,-9700,-9820,5548,-1967,-13251,13692
0,306,296,292,-10940,8264,13080,9503,-1742,5673
162,306,296,292,-9484,-7408,9972,1920,10537,-15377
301,306,297,292,-9068,-18584,-2620,-1338,5163,-4607
315,306,297,293,-8812,-13696,4224,-6465,-13978,13060
0,306,296,292,-11388,3624,12000,4008,-3385,9548
78,306,297,291,-9804,-2564,10244,3004,8830,-17026
314,306,297,292,-9144,-16168,3056,5124,5279,-9052
315,306,297,292,-8780,-14872,4280,-10734,-7134,12434
291,306,297,292,-11304,1160,11296,1598,-6343,18589
222,306,297,292,-11236,-704,10404,1760,9117,-17071
246,306,297,293,-8808,-21008,-1712,5008,14918,-16116
314,306,297,292,-8856,-14744,420,-8883,-14361,16978
227,306,296,292,-9536,760,14352,4546,-6492,8764
206,306,297,292,-8740,-3512,10140,-849,8072,-17155
214,306,297,292,-8932,-17508,2396,6498,5284,-7916
314,306,296,293,-7980,-16228,3984,-4436,-6841,15392
213,306,297,293,-11512,3028,12068,9999,-132,9362
221,306,297,292,-8272,-1276,9804,-2731,3323,-25815
314,306,297,292,-6992,-18980,-696,1101,6379,-4745
314,306,297,292,-8160,-11416,6400,1880,-9918,22523
0,306,296,292,-9048,5400,14048,7828,-9740,18030
0,306,297,293,-9484,-2472,12368,-1826,8709,-15798
263,306,297,293,-7828,-12544,2816,6236,11961,-10176
315,306,297,293,-10980,-13640,-24,-7775,-4605,5378
314,306,297,293,-11492,-752,8632,1048,-7461,16016
219,306,297,293,-11780,3568,11264,-2027,4468,-12107
314,306,297,293,-10972,-13272,580,9311,10953,-12043
314,306,297,293,-10664,-13128,700,-9523,-5717,4188
314,306,297,292,-10648,-3732,10084,458,-8709,15567
196,307,297,292,-11964,6204,11504,-807,5877,-10746
209,306,296,293,-9712,-15372,2132,10500,17897,-11222
151,306,297,293,-11624,-11624,-1368,-10783,-4451,7464
248,306,297,293,-16272,6012,10640,3413,-1005,14440
168,306,297,293,-12844,-2052,2888,14085,4538,-12837
94,306,297,293,-12540,-14612,-2304,-10885,-6971,1211
254,306,297,292,-14056,-1860,10500,-7281,-10656,17964
207,307,297,292,-12852,1316,4212,11393,3748,-11614
71,306,297,293,-13412,-12952,-5268,609,-68,-1161
68,306,297,292,-12208,-5976,4528,-9350,-12249,7313
204,306,297,292,-13908,5104,13720,7424,-1673,4027
215,306,297,292,-10984,-6456,2476,12114,6594,-15227
205,306,297,292,-11484,-11760,448,-10653,-4846,2865
314,306,297,292,-9624,36,13700,886,-13922,7920
185,307,296,292,-10684,-1192,12428,4185,8245,-8598
206,306,297,293,-11156,-15740,-740,10098,5921,-3365
241,306,297,293,-9808,-9040,5488,-11848,-14214,7314
0,306,297,293,-11808,4968,14880,648,1758,71
0,306,296,293,-11032,-10632,3572,11564,11351,-9513
104,307,297,292,-11856,-11008,-672,-13712,-4119,4767
194,306,297,293,-12784,-492,14164,1008,-6430,8954
215,306,297,293,-11592,308,9204,6807,9160,-9511
234,306,297,293,-12492,-13428,-2008,6946,8533,-4249
252,306,297,293,-12224,-10184,3340,-11715,-9548,5793
0,306,297,293,-13956,5120,11752,5208,-377,9620
92,306,297,293,-12716,-4520,4976,8427,7120,-12424
0,306,296,293,-12200,-12556,-5364,543,3479,272
314,306,297,293,-12540,-10800,6224,-15212,-11056,12118
0,307,297,292,-13304,6632,10840,238,187,-3367
202,306,297,293,-13412,-8104,2688,6598,14635,-7534
231,306,297,292,-13384,-11172,-4528,-6063,-3478,-470
313,306,297,292,-13096,-1564,6508,-2689,-13707,9702
0,306,297,292,-12468,1620,9352,2297,5934,-8938
314,307,296,293,-12056,-13040,-496,10242,7974,-7642
257,307,297,293,-11668,-12124,484,-10455,-9145,4907
220,306,297,292,-12896,1344,10372,-802,-5228,6912
313,306,297,293,-11460,-4000,6784,4564,9297,-11763
0,306,296,293,-12600,-14548,-792,5168,2673,-3943
314,306,296,293,-11364,-9652,2128,-11062,-11543,7480
247,306,297,293,-13200,1760,12016,1522,-4926,8656
176,306,297,293,-12364,-2740,7468,5066,6912,-11736
216,306,297,293,-12204,-13944,-344,8729,5716,-3093
241,306,297,293,-10972,-10168,1872,-10574,-9951,5656
195,307,297,293,-12676,3112,11428,829,-8138,5628
220,306,296,293,-9008,-3484,8508,929,8469,-15822
314,306,296,293,-10136,-17488,1280,1165,4751,-2899
314,306,297,293,-10060,-9232,6348,-5538,-8954,11746
0,307,297,293,-12072,3992,12900,2469,-1372,6682
137,306,297,293,-11064,-4912,7964,8193,13092,-11909
204,307,297,293,-11020,-15828,-216,-1964,4121,-6098
314,307,297,293,-11040,-9944,5112,-6070,-9067,12435
186,307,298,293,-12892,7860,13280,6717,-4690,10718
0,307,297,293,-11028,-5600,8092,5946,6883,-15725
230,306,297,293,-11516,-16332,-1272,942,1620,-3691
314,306,297,293,-10744,-9624,4824,-8925,-13959,12875
0,306,297,294,-12308,7960,13664,4860,-138,2355
183,307,297,293,-10792,-7416,7368,6809,10144,-10995
196,306,297,293,-11520,-14888,-1912,-3479,75,-843
314,307,297,293,-10852,-8280,6944,-4563,-12508,11158
0,306,297,293,-12720,7092,11708,2023,3047,-3977
7,306,297,293,-10332,-11800,4160,6991,9400,-13807
166,306,296,293,-11604,-16604,-4736,-12620,-7059,3202
201,306,296,293,-11636,-572,12696,3480,-7530,14385
0,306,297,292,-11948,1024,14096,7511,4206,-13180
0,306,297,293,-12844,-16096,1452,5766,1470,-5339
105,306,297,293,-10852,-12352,3600,-11183,-13185,9736
0,307,297,293,-12468,9792,12740,3661,-2261,3536
0,306,297,293,-10080,-5992,8588,6852,11160,-14704
0,306,297,293,-11692,-20396,-4580,-4605,1356,-679
314,306,297,293,-10444,-8120,6892,-5596,-14242,11890
0,307,297,292,-12548,7964,13064,2951,2463,-1363
304,307,297,293,-11352,-7812,4824,8374,14818,-11123
253,306,297,293,-10892,-15648,-6144,-1257,11,1418
314,306,296,293,-12388,-7264,5804,-7790,-14069,10905
0,307,297,293,-13384,13116,12384,9818,3277,-1394
263,306,297,293,-10160,-13128,2816,7549,13123,-13930
187,306,297,293,-11148,-14568,-3588,-9122,-5054,3739
314,306,297,293,-10644,612,9016,-9297,-8036,9316
185,307,297,293,-10516,9884,12936,1634,-1571,-7893
145,306,297,293,-11088,-10980,5140,5697,8962,-10966
184,307,297,293,-11908,-15324,-1772,-5960,-94,2396
182,306,298,293,-9812,-3376,10492,-1631,-12404,14374
184,307,297,292,-8596,2188,14072,-5746,1434,-11920
189,306,297,293,-9012,-9724,8128,5006,8638,-12191
193,306,297,293,-11080,-13580,288,-7095,2475,3650
295,306,297,293,-8824,-5884,11000,-2912,-11257,13268
0,307,297,293,-9592,6392,15276,434,5271,-8154
315,307,297,293,-10052,-11300,5296,4422,19383,-9580
314,306,297,294,-11988,-12912,-5152,-5074,1558,2025
314,306,296,293,-11804,-5716,6000,-334,-14068,9490
223,306,296,293,-12744,5168,12416,2772,4152,-6136
314,306,298,293,-10680,-12364,3748,6769,9423,-11425
315,307,297,293,-9872,-12696,388,-11235,-8078,8763
256,306,296,293,-11244,-380,12660,-544,-8568,13271
0,306,297,292,-11228,-528,10636,706,6035,-10473
315,306,297,293,-10528,-12752,2636,2404,9913,-12282
313,306,297,293,-11400,-13772,-1488,-7869,-4087,4015
315,306,297,293,-10960,-6304,9684,-2699,-13959,14999
210,306,296,293,-11464,1188,10364,-664,6339,-8710
315,306,297,293,-12008,-9476,-68,7887,16142,-8220
183,307,297,293,-12104,-14940,-3976,-7587,-5496,1843
209,307,297,293,-12292,-3900,7784,-2620,-13968,11477
208,306,297,293,-10604,1096,11648,-1019,7438,-12083
314,306,297,293,-10904,-15600,-2888,9209,10278,-8972
314,307,297,293,-11336,-15400,1520,-3950,-13877,14158
294,306,297,293,-12112,-1612,11704,-1175,-8058,7957
220,306,297,293,-10964,-1376,10924,953,8593,-11874
236,306,297,293,-11516,-11044,1412,8156,8288,-6737
253,306,297,292,-11480,-11740,1376,-7054,-9162,7070
0,307,297,293,-8576,-60,13516,-1693,-14945,12531
0,306,296,294,-9412,-324,11612,222,12046,-13524
113,306,297,292,-10620,-10384,2208,5807,11681,-11476
257,306,297,293,-10292,-12752,-1192,-3170,-2290,8337
215,306,297,292,-9236,-1288,16044,9368,-10231,8778
211,307,297,293,-10312,456,10940,-2027,10404,-11974
257,306,297,293,-11600,-12616,-1684,9017,18495,-11278
313,306,297,293,-11044,-14232,-140,-7236,-5404,4933
249,306,297,293,-12748,-4368,7472,-1455,-12478,16967
0,306,297,292,-12720,2676,9688,-3245,3958,-11521
66,306,297,292,-10764,-10236,2604,3809,10124,-15261
312,306,297,293,-10000,-13448,872,-4648,-4937,4726
218,306,297,293,-11004,-5312,8976,-2486,-12373,13813
0,306,296,292,-12104,1796,12388,-1108,4147,-6697
0,306,297,293,-8968,-10212,3836,2302,12813,-12896
86,306,297,293,-10548,-13072,-256,-4849,-3355,3227
42,306,297,293,-10920,-6784,7792,-941,-12349,11183
0,306,296,293,-10240,6288,15196,1959,1370,-4452
0,306,297,293,-9672,-8936,7204,1711,10832,-12956
184,306,297,292,-11060,-11136,-2024,588,3107,-744
314,307,296,293,-10416,-10232,5688,-5272,-11663,11121
0,306,297,293,-11264,5356,14408,1799,393,-146
0,306,297,293,-10260,-6784,6160,4161,12756,-11946
200,306,297,294,-12284,-12316,-5720,-984,3918,2820
246,306,297,293,-12384,-9096,5004,-7392,-1024,12112
0,306,297,293,-14012,7080,10600,-342,-3284,5481
0,306,297,292,-12120,-1604,7124,8999,7189,-13665
259,306,297,293,-13256,-17948,-3360,2573,3173,-4335
314,306,297,293,-11888,-8400,3328,-8470,-13512,10252
0,306,296,293,-12164,4372,12032,1246,-9046,8006
0,306,297,293,-11848,3468,10516,12282,6138,-13884
89,306,297,293,-13460,-16440,-2416,5365,2372,-4783
60,306,298,293,-10540,-9840,1804,-11242,-12153,11513
314,306,297,293,-12884,16736,15272,9022,-1652,7312
86,306,297,293,-11348,-5584,6120,5267,11222,-16239
88,306,297,293,-11700,-14964,-2832,4611,3186,-3439
91,306,297,293,-11676,-9620,2684,-10799,-12415,9880
0,306,297,293,-13564,5792,11792,5366,-4597,9481
80,306,296,293,-11936,-2408,7020,4887,8174,-11175
75,307,297,293,-12224,-14572,1568,5764,9038,-8423
64,306,297,293,-11544,-10488,1444,-9674,-4863,8226
0,307,297,293,-11396,2316,10552,1405,-9262,14644
0,307,296,293,-12104,1352,9996,-818,6021,-10314
64,307,297,292,-11580,-10124,2620,4841,7841,-10817
60,306,296,293,-12276,-12212,132,-5691,-1988,2952
0,306,297,293,-11480,-4732,7204,-4340,-10926,12281
0,306,297,293,-10716,5964,13308,-3613,-849,-6066
64,307,297,293,-10716,-6960,6572,4114,12449,-12948
91,306,297,294,-12280,-13532,-596,35,5138,-2888
64,306,297,293,-11220,-9048,3440,-8471,-11761,9698
0,306,297,293,-10668,7808,16296,2337,-3963,3525
0,307,297,293,-10484,-4704,8768,4218,12849,-14294
98,307,297,293,-12344,-12448,-3788,8299,1130,2300
91,306,297,293,-10584,-10400,3164,-7469,-11582,9469
0,306,297,293,-12588,4732,10032,3705,-4641,10696
240,306,296,293,-10452,-4312,11932,-1377,9864,-17402
239,306,296,294,-10704,-15732,-1344,2202,11068,-6549
105,306,297,293,-11224,-11884,-588,-5324,-12663,9794
214,306,298,293,-11212,-2152,8996,-5477,-6954,7157
242,306,297,293,-10676,2292,11988,-4590,7002,-11932
77,306,297,293,-10588,-8812,2944,2680,11083,-13961
314,306,297,293,-11076,-19236,1860,-5319,1798,1870
116,306,297,293,-10652,-7296,5156,-4267,-10932,16166
182,306,297,293,-11188,5732,15992,-2347,-3117,-335
69,306,297,293,-10144,-6708,5264,2690,14307,-16295
70,306,297,293,-11364,-15252,1012,2153,2414,-4652
181,306,297,294,-10144,-9700,4504,-6614,-12531,11909
235,306,297,293,-8440,3852,15360,-1630,-17619,8392
114,306,297,293,-8232,-3284,11148,723,10593,-12668
214,307,297,293,-10448,-14668,2408,3260,10251,-9069
214,307,297,293,-10428,-11464,4084,-6661,-8110,9161
215,306,297,293,-8620,-2580,10256,-1971,-13007,11454
314,306,297,293,-6392,2780,16852,-2874,7403,-10355
198,306,297,293,-9456,-9552,2592,5488,11223,-14340
310,306,297,293,-10376,-15052,3896,-3730,202,3381
293,306,297,293,-9532,-7296,6576,-6285,-9472,12763
0,306,297,293,-7392,3388,17512,1740,-3511,488
68,307,297,293,-7808,-7424,9420,3397,14211,-13149
81,306,297,293,-11328,-13080,2368,4073,11040,-2893
302,307,297,293,-11500,-9280,1928,-14141,-8821,8708
12,306,297,293,-10212,-868,13384,-1638,-9413,8271
66,307,297,293,-9240,-3084,10796,4791,8593,-13346
68,306,297,293,-9036,-11588,3420,6129,11726,-13101
128,307,297,293,-10668,-12744,36,-7634,-9637,5291
242,306,297,293,-8344,-4792,14972,2882,-10784,11025
0,307,297,293,-8844,472,13772,-2179,9282,-10398
67,306,297,293,-9556,-11088,4484,7234,8083,-9779
55,306,297,293,-11560,-14344,1812,-4403,1468,4560
314,307,297,293,-11524,-6516,6804,-7056,-2356,15921
0,306,297,292,-11352,11732,12908,5426,7091,-10173
315,306,297,294,-10628,-19808,-3664,8006,14824,-10984
314,307,296,294,-11424,-11180,-940,-15193,-12268,11299
0,307,297,293,-11380,13172,17520,326,-777,-2523
139,306,297,293,-10204,-7468,6344,7758,13898,-15441
0,306,297,293,-12880,-14304,-5952,-7640,-739,843
93,306,297,293,-11964,-8300,8856,-7988,-14802,13057
0,307,298,293,-12284,9136,10200,914,6828,-9852
48,306,297,293,-10896,-13844,2608,10832,13573,-13403
0,306,297,294,-11400,-11476,-3832,-16673,-6419,3786
180,307,297,293,-11504,-4160,11540,-742,-14734,15700
0,307,297,293,-11416,6312,10000,-3053,10387,-15630
174,306,297,293,-11824,-12352,956,10915,9016,-11090
0,307,297,293,-12012,-14720,-3148,-14234,-7425,4390
226,306,297,294,-10656,-3612,12968,2444,-12162,18488
0,306,297,293,-11428,3044,9408,-336,8741,-15527
231,306,297,293,-11588,-13448,-840,6841,10194,-8615
215,306,298,293,-11820,-13592,-3348,-10658,-7458,5397
0,306,297,293,-11776,-2536,9152,530,-11971,16544
0,306,297,293,-12488,4000,9040,-831,10305,-15023
97,307,297,293,-11620,-13948,-1620,8883,12830,-9309
89,307,297,294,-11568,-11992,-3284,-14456,-10998,6039
0,306,297,293,-12540,2728,10528,475,-10611,14690
211,306,297,293,-11488,1144,8672,3491,4328,-17501
313,307,298,293,-10888,-14576,-1440,7367,9779,-11745
313,306,297,293,-11640,-12644,1380,-9286,-7787,6949
192,307,297,293,-11920,-1164,7264,-1075,-12889,17228
215,307,297,293,-11772,3180,10200,290,9931,-14831
0,307,297,293,-11244,-13436,-884,12202,17547,-15287
312,307,297,294,-11200,-14272,-3600,-10994,-3674,2271
0,307,296,293,-12284,-2556,7548,-1547,-10569,16092
212,307,297,293,-12468,3872,7972,1425,6622,-14219
314,307,297,294,-11832,-14928,-3984,6238,11631,-11406
314,306,298,294,-9884,-11624,-4872,-12389,-7965,5677
194,307,297,293,-9420,-1960,13788,-2016,-22732,20791
163,306,297,293,-11968,-968,7308,2453,10130,-16009
205,306,297,294,-11804,-14552,-1236,6408,6694,-4100
0,306,297,294,-11572,-13072,-2168,-12177,-8718,5274
210,307,297,294,-11632,-3140,7560,-894,-14863,17266
210,307,297,293,-11536,5420,11180,-712,8224,-12810
77,306,297,293,-9820,-11588,2892,9753,12925,-14408
0,307,297,293,-10532,-14724,-3596,-8366,-4096,3144
206,306,297,294,-11364,-6876,9744,-1449,-16685,19411
0,306,297,293,-12356,8564,11664,1953,6130,-8231
0,306,297,294,-10240,-10568,3900,6229,13317,-16418
0,306,297,294,-11608,-16936,-5004,-7002,-964,1857
0,306,297,293,-11316,-8804,5872,-5129,-14609,15481
0,306,297,294,-12432,12644,11316,862,342,1386
0,306,297,293,-11680,-5168,7392,5924,12504,-15903
196,306,297,294,-12124,-18840,-4528,2877,3679,-8352
258,306,297,294,-9900,-12376,-1100,-13841,-13111,8173
211,306,297,294,-9676,7756,15060,8304,-15941,17224
245,307,297,293,-11176,-2644,9660,2764,11266,-16054
197,306,297,293,-11016,-13700,-932,6921,7064,-7225
0,306,297,294,-11048,-12176,480,-12080,-7632,9196
216,307,296,294,-10844,2880,10140,1173,-9555,16666
222,306,297,293,-11596,2404,10736,148,7351,-14250
0,306,297,294,-11096,-9832,2480,7833,10484,-13596
0,306,297,294,-12032,-13920,-676,-6376,-3116,3756
228,307,297,294,-12084,-5220,6692,-6354,-9112,12574
0,306,297,294,-12052,7896,12108,-63,-850,-3734
83,306,297,294,-10292,-4144,6356,5711,12566,-16025
0,306,297,294,-12768,-17032,-4048,2321,6515,-1654
251,307,297,294,-13460,-6480,1152,-8184,-2621,17022
181,307,297,293,-13756,13452,6920,-1613,-7186,-927
0,306,296,294,-11644,-3860,9176,13751,20469,-11624
126,306,296,294,-13964,-11196,-4544,274,-5209,-5765
203,306,297,294,-13232,-7924,2128,-10541,-8392,10784
210,306,296,293,-13988,4348,7788,-3189,-7036,6825
224,307,297,293,-12496,2508,6188,6036,5991,-10927
165,306,296,293,-14260,-12204,1600,11901,5475,-7238
0,306,296,294,-12692,-10492,-860,-15719,-5066,5171
0,306,297,293,-12464,3416,10344,-1592,-6248,11584
0,306,297,294,-12584,2780,7596,3999,6290,-12185
314,306,297,293,-11532,-15536,4220,9293,11060,-13519
249,306,297,293,-11408,-12004,-1200,-10169,-6318,5101
181,306,297,294,-12388,-2496,7432,-3344,-9485,15032
0,306,297,293,-13196,5732,9308,584,5750,-9089
0,306,297,294,-12664,-5900,4004,11242,9592,-10431
230,306,297,294,-13200,-13616,-4536,-2708,913,477
258,306,298,294,-12180,-7296,6228,-11062,-9351,13377
0,306,297,294,-14372,5200,9840,477,-5195,7429
32,307,297,294,-13020,-408,5324,7435,10033,-12885
0,306,297,293,-12988,-11036,-2956,13338,6558,-5098
0,306,297,293,-12452,-10056,-1188,-12978,-5042,5792
0,306,297,294,-14340,3016,6312,-5911,-4705,15352
0,307,296,294,-14284,9084,6772,3459,4057,-9063
0,306,297,293,-13624,-5172,1132,12122,7073,-10535
0,306,298,293,-13340,-12636,-6952,-1747,-205,-2433
0,307,297,294,-13268,-5892,2148,-10856,-8218,8891
0,307,297,293,-13860,11816,12280,2575,-5432,9548
0,306,297,294,-12188,892,6896,8652,9558,-16698
1,307,297,294,-12560,-14432,-7468,4626,2933,-3230
0,306,297,294,-12520,-9788,1720,-12179,-12417,9616
0,307,297,293,-12672,14264,10712,1135,-1097,8270
0,307,297,294,-13076,-2828,5060,7006,9766,-16275
0,307,297,294,-12916,-10832,-7600,225,2666,-564
0,306,297,293,-13772,-7296,3356,-7404,-13722,9901
0,307,297,293,-12840,11680,10420,367,1515,-3787
0,306,297,294,-12648,-6176,4108,6508,12489,-14156
0,306,298,293,-12228,-12500,-5332,508,1867,-267
2,306,297,293,-12564,-8820,2196,-6998,-12426,10988
0,307,297,293,-12744,12348,9780,5043,-1697,8084
1,307,297,293,-13016,-1936,6648,8400,7787,-14179
231,307,297,294,-12188,-15508,-7252,4743,3678,-2424
313,306,297,294,-13168,-10320,1124,-10822,-12789,11559
0,306,297,293,-13124,4988,9856,3925,-8065,14154
0,306,297,294,-12828,2044,7960,5731,6374,-14808
0,307,297,294,-13176,-12780,-2628,8702,7680,-9852
313,306,297,294,-12912,-11228,-2200,-8427,-4386,4468
0,307,297,294,-12920,-2108,6056,-7070,-11040,14944
0,307,296,294,-12848,8268,9712,-314,5018,-8938
197,306,296,294,-13884,-8932,1744,9373,10344,-11856
210,306,297,294,-12776,-13824,-6832,-3900,-3252,1439
0,306,297,294,-12480,-7780,5308,-8089,-14254,14276
0,306,297,294,-11612,10000,12320,767,1828,-5513
222,307,298,294,-10968,-7096,6000,1034,16670,-15668
313,307,297,294,-12052,-16324,-6696,1894,1282,2901
222,306,297,294,-11840,-5892,3992,-6697,-15706,14719
0,306,297,294,-13076,11200,11576,2472,1592,-2868
173,306,297,293,-12088,-1412,4592,4643,8853,-13627
259,306,297,294,-12572,-18920,-5168,4785,971,-4530
146,307,296,294,-10480,-6792,704,-5275,-10825,16875
0,306,297,294,-12420,7868,15096,8992,-11434,13963
179,306,297,294,-11576,-3380,6188,4225,10559,-15145
6,306,297,294,-11508,-13556,-2960,4293,8259,-6372
0,306,297,294,-12440,-10840,-508,-9763,-12416,12273
178,306,297,293,-10840,988,9416,-4048,-16786,16937
0,306,297,294,-11496,1624,11024,2672,11046,-11909
0,307,297,294,-12480,-9268,1368,7591,11480,-10219
0,306,297,294,-13104,-12744,-2416,-4577,-1406,2406
18,306,297,294,-12128,-3948,5656,-8077,-8597,12823
0,306,297,294,-11096,10384,13700,1336,2406,-3275
194,306,297,294,-11592,-4256,5208,1030,14419,-19201
4,307,297,294,-11728,-16348,-8488,4038,708,1372
190,306,297,294,-11700,-5164,2268,-6159,-12584,19362
0,307,297,294,-12352,15668,13888,3953,-1240,2850
0,307,297,294,-13316,-3764,2916,4355,11263,-14682
2,307,297,293,-11080,-14660,-3512,6219,9071,-10599
246,306,297,294,-10860,-14068,-5652,-5434,-16377,15863
0,306,297,294,-12360,436,11236,1479,-11617,17769
0,306,297,294,-12480,4136,9476,4334,6466,-13617
259,306,297,294,-11644,-11792,1320,7695,9596,-12118
96,307,297,294,-11456,-13776,-3376,-9396,-7572,6340
232,307,298,294,-11276,-4008,7516,-6634,-14489,16414
0,306,297,294,-11344,7644,11324,-4710,5823,-14047
0,306,297,293,-9644,-9492,4648,3928,14438,-17839
229,306,297,294,-11032,-15880,-6440,-6266,-213,1942
314,307,296,294,-12076,-7708,6632,-693,-13414,11416
0,306,297,289,-13272,3732,10772,1039,-1201,-2075
0,307,296,289,-11776,-4616,6316,4805,7386,-11928
0,306,295,288,-11468,-16704,1232,475,2634,-5306
0,306,295,289,-10680,-8876,2908,-4845,-9665,9319
0,307,296,290,-12156,1320,12320,857,-3395,9725
0,306,296,291,-10896,-2396,8352,2662,7488,-12908
269,306,296,291,-11892,-16480,-200,3591,7125,-7474
270,306,297,292,-11136,-14580,3300,-5885,-9174,10425
210,306,297,292,-12380,2276,8448,-6224,-9969,9102
232,306,296,292,-11940,1128,10716,-2233,7467,-11050
214,306,297,292,-10736,-9752,3604,5387,8955,-12165
161,306,297,292,-10700,-14960,-1500,-2258,-4273,4826
238,307,296,292,-10780,-6876,7748,-2637,-10375,15740
0,307,297,292,-12028,11376,12824,1788,1505,-798
0,307,296,292,-11420,-5044,7876,4676,8207,-14160
260,306,296,292,-11628,-15444,-2280,4784,3793,-4936
315,307,296,292,-11212,-10404,2536,-9341,-9180,11884
178,306,297,293,-13192,6288,7796,491,-3963,14098
230,306,297,293,-12536,4116,11144,7942,8281,-12781
314,306,297,293,-11204,-16896,-8108,9674,5666,-8587
314,306,296,293,-11468,-11356,-1336,-13918,-14285,6017
151,306,297,293,-11904,5544,14384,4287,-9517,13291
181,306,296,293,-11556,-860,7436,6420,9099,-13833
259,307,297,292,-11244,-15364,-184,7331,12432,-8887
262,306,297,293,-10644,-13252,-1228,-11242,-10297,7516
170,306,297,292,-12668,-656,12432,-1842,-9695,9805
194,306,297,293,-10040,-3284,8636,3468,11698,-15884
253,306,297,293,-10676,-15944,-2888,5167,7834,-4028
309,306,297,292,-10892,-11860,784,-9104,-12671,8381
0,308,297,293,-10980,4396,13908,64,-9487,10530
0,306,297,293,-10084,-2312,10624,3437,10055,-16149
310,306,297,292,-10484,-18868,-4116,9828,9963,-5620
259,307,297,293,-10400,-12136,300,-12190,-12089,6855
166,307,297,294,-10964,-1880,11044,-357,-10669,15647
0,307,297,293,-10804,2800,9756,221,8005,-10985
0,306,297,293,-11080,-9832,3524,5823,11943,-12994
0,306,297,293,-11520,-13764,-2792,-6193,-3775,1918
0,306,297,293,-10604,-6960,7924,-1105,-15708,17052
0,306,297,293,-10004,6756,14624,-523,1591,-6885
0,306,297,293,-10332,-8376,8004,4576,11910,-14398
0,306,297,293,-10796,-15852,-2724,-1929,-741,645
206,306,297,293,-10132,-11212,6068,-4995,-17348,14173
2,307,296,293,-9260,5152,13852,2955,-1165,3334
146,306,297,293,-9368,-2648,10280,4384,11728,-15631
216,306,297,293,-11076,-16088,-1328,8341,7931,-3725
273,306,297,293,-10900,-11296,1816,-8895,-8511,11116
0,307,296,293,-10080,8880,13504,953,-12061,10701
0,306,297,293,-9932,-3600,11428,4081,11773,-14909
0,306,297,293,-12024,-14848,-2228,10769,11113,-3763
9,306,297,293,-11728,-9672,-296,-13274,-7882,8455
0,307,297,293,-12796,7616,12224,3100,-9791,15214
0,307,298,293,-11564,-1720,9024,5316,10264,-14750
0,306,297,293,-12288,-15984,-6768,15823,13131,-3330
273,307,297,293,-11464,-11064,-180,-14138,-13829,6741
200,307,297,294,-11532,3012,13468,-181,-10546,17139
0,306,297,293,-11692,-160,8024,4169,8581,-14698
0,307,297,293,-10232,-12148,-1608,6758,11476,-11153
0,306,297,293,-10804,-12084,-940,-7980,-7374,9050
0,307,297,294,-12424,3584,13676,664,-10464,14699
0,307,296,293,-9972,-716,10440,4971,11026,-19180
268,306,297,293,-12136,-15560,-3672,3132,4193,-4042
314,306,297,293,-12152,-9736,3196,-8415,-8367,10803
0,307,297,293,-12748,9344,15120,7530,-2095,1849
0,307,297,292,-12412,-5212,2612,8099,8670,-8342
0,306,297,290,-11872,-13840,-2512,-653,404,-1009
202,306,296,290,-13068,-6496,6104,-7272,-10399,10600
0,306,297,291,-14472,7748,9620,850,1490,-1691
0,306,297,292,-13060,-5588,3320,7095,8314,-9799
239,307,297,292,-12628,-14736,-4064,-5286,-1416,95
231,307,297,292,-11984,-4068,9112,-3382,-12814,15175
0,307,297,292,-14664,2312,7892,2773,4287,-12999
2,306,297,293,-12416,-9524,-2808,6766,2841,-5930
0,307,297,293,-11512,-9280,-476,-11203,-11252,8199
0,306,298,294,-13984,6876,16828,-1768,6162,10551
0,307,297,293,-12356,-2976,5740,9149,6064,-12581
257,307,297,293,-12896,-13240,-7720,726,1949,-930
257,307,297,293,-11744,-7464,5060,-9059,-15212,9403
94,306,298,293,-13648,8680,11176,4028,3432,-456
